[
  {
    "id": "48536655-ead2-45a6-ad69-53bedbc29046",
    "data": [
      {
        "text": "Think about it",
        "userDefined": false
      }
    ],
    "isTemplate": false,
    "count": 0,
    "updated": 0
  },
  {
    "id": "ff885e16-7850-4ac9-878c-57abae33d19e",
    "data": [
      {
        "text": "May i like the movie",
        "userDefined": false
      }
    ],
    "isTemplate": false,
    "count": 0,
    "updated": 0
  },
  {
    "id": "60cdcf4d-e4bb-4861-83dc-eb6261bbe88d",
    "data": [
      {
        "text": "What\u0027s your opinion",
        "userDefined": false
      }
    ],
    "isTemplate": false,
    "count": 0,
    "updated": 0
  },
  {
    "id": "23e08936-901f-4c53-9c6d-9fba2d645b83",
    "data": [
      {
        "text": "Is it good",
        "userDefined": false
      }
    ],
    "isTemplate": false,
    "count": 0,
    "updated": 0
  },
  {
    "id": "d71d3002-ed84-4c81-a27e-0b3a3ce620ac",
    "data": [
      {
        "text": "Do you like it",
        "userDefined": false
      }
    ],
    "isTemplate": false,
    "count": 0,
    "updated": 0
  }
]