[
  {
    "id": "2c01aebf-af98-47b2-9864-cad4c23df722",
    "data": [
      {
        "text": "What is the story",
        "userDefined": false
      }
    ],
    "isTemplate": false,
    "count": 0,
    "updated": 0
  },
  {
    "id": "8a0854b1-8605-4e3e-94d1-91ed8af48c5f",
    "data": [
      {
        "text": "tell me something about it",
        "userDefined": false
      }
    ],
    "isTemplate": false,
    "count": 0,
    "updated": 0
  },
  {
    "id": "bccb820d-933e-4f92-aaeb-6a7001f0f3b8",
    "data": [
      {
        "text": "Give me information about it",
        "userDefined": false
      }
    ],
    "isTemplate": false,
    "count": 0,
    "updated": 0
  },
  {
    "id": "65daf453-df30-4ade-874a-28be2c7a78fb",
    "data": [
      {
        "text": "So what is it about",
        "userDefined": false
      }
    ],
    "isTemplate": false,
    "count": 0,
    "updated": 0
  },
  {
    "id": "f225d0cd-21b2-48a7-aeee-47a38423683a",
    "data": [
      {
        "text": "Give me information",
        "userDefined": false
      }
    ],
    "isTemplate": false,
    "count": 0,
    "updated": 0
  },
  {
    "id": "3a8f6303-a6de-45ce-9039-e936ee944d44",
    "data": [
      {
        "text": "Tell me more about it",
        "userDefined": false
      }
    ],
    "isTemplate": false,
    "count": 0,
    "updated": 0
  },
  {
    "id": "1f90032f-0201-4bbf-b841-051d8d65e827",
    "data": [
      {
        "text": "Talk to me about it",
        "userDefined": false
      }
    ],
    "isTemplate": false,
    "count": 0,
    "updated": 0
  },
  {
    "id": "18f0a984-d3d6-4fdf-b449-684170767796",
    "data": [
      {
        "text": "I want to know something",
        "userDefined": false
      }
    ],
    "isTemplate": false,
    "count": 0,
    "updated": 0
  },
  {
    "id": "5375f2fb-68e0-4dcb-a7be-22d65bd5e7e3",
    "data": [
      {
        "text": "What is the movie about",
        "userDefined": false
      }
    ],
    "isTemplate": false,
    "count": 0,
    "updated": 0
  },
  {
    "id": "90584173-9969-4eb7-9863-418eebe5b0d2",
    "data": [
      {
        "text": "Tell me something about the movie",
        "userDefined": false
      }
    ],
    "isTemplate": false,
    "count": 0,
    "updated": 0
  },
  {
    "id": "4e7e5687-56e2-4c7f-86c6-c524621df426",
    "data": [
      {
        "text": "What is blade runner",
        "userDefined": false
      }
    ],
    "isTemplate": false,
    "count": 0,
    "updated": 0
  }
]