[
  {
    "id": "78dbcb60-73ec-4fa3-add1-be57c9d14ec0",
    "data": [
      {
        "text": "Who is playing in the movie",
        "userDefined": false
      }
    ],
    "isTemplate": false,
    "count": 0,
    "updated": 0
  },
  {
    "id": "b34b7fb7-af75-4f7d-ab22-e2bb869e3a5c",
    "data": [
      {
        "text": "Who is the star",
        "userDefined": false
      }
    ],
    "isTemplate": false,
    "count": 0,
    "updated": 0
  },
  {
    "id": "5c5e5b67-99d5-449a-9641-9c23aaa29788",
    "data": [
      {
        "text": "Which actor plays",
        "userDefined": false
      }
    ],
    "isTemplate": false,
    "count": 0,
    "updated": 0
  },
  {
    "id": "581033e6-d60d-4652-9da1-cab8b61fbd6c",
    "data": [
      {
        "text": "Which star",
        "userDefined": false
      }
    ],
    "isTemplate": false,
    "count": 0,
    "updated": 0
  },
  {
    "id": "fb081e07-40e0-4788-9e35-c74565eb8a27",
    "data": [
      {
        "text": "Which actor plays in it",
        "userDefined": false
      }
    ],
    "isTemplate": false,
    "count": 0,
    "updated": 0
  },
  {
    "id": "6102d2ca-f15a-4756-af6e-6446ce2a7311",
    "data": [
      {
        "text": "Which are the main characters",
        "userDefined": false
      }
    ],
    "isTemplate": false,
    "count": 0,
    "updated": 0
  },
  {
    "id": "157e1cae-18b6-4473-94f9-e3d59e3bb294",
    "data": [
      {
        "text": "Who\u0027s starring",
        "userDefined": false
      }
    ],
    "isTemplate": false,
    "count": 0,
    "updated": 0
  }
]